<?xml version="1.0" encoding="UTF-8" ?>
<!DOCTYPE mapper PUBLIC "-//mybatis.org//DTD Mapper 3.0//EN" "http://mybatis.org/dtd/mybatis-3-mapper.dtd" >
<mapper namespace="com.dao.DemoMapper" >
  <resultMap id="BaseResultMap" type="com.model.Department" >
    <id column="ID" property="id" jdbcType="BIGINT" />
    <result column="NAME" property="name" jdbcType="VARCHAR" />
    <result column="LOCATION" property="location" jdbcType="VARCHAR" />
    <result column="OPENPOSITION" property="openPosition" jdbcType="INTEGER" />
    <result column="PARENTID" property="parentId" jdbcType="BIGINT" />
    <!--<result column="MANAGERID" property="managerId" jdbcType="BIGINT" />-->
    <association property="employee"  column="MANAGERID" javaType="com.model.Employee"  resultMap="employeeResult"/>
  </resultMap>

  <resultMap id="employeeResult" type="com.model.Employee">
   <id column="ID" property="id" jdbcType="BIGINT" />
   <result column="FIRSTNAME" property="firstName" jdbcType="VARCHAR" />
    <result column="LASTNAME" property="lastName" jdbcType="VARCHAR" />
    <result column="IDAPUSERNAME" property="idapUserName" jdbcType="VARCHAR" />
    <!--<result column="GENDER" property="gender" jdbcType="VARCHAR" />-->
    <result column="BIRTHDAY" property="birthday" jdbcType="VARCHAR" />
    <result column="TITLE" property="title" jdbcType="VARCHAR" />
    <result column="GRADE" property="grade" jdbcType="VARCHAR" />



  </resultMap>

  <sql id="Base_Column_List" >
    ID, NAME, LOCATION, OPENPOSITION,MANAGERID,PARENTID
  </sql>

  <select id="selectAllDepartments" resultMap="BaseResultMap" >
    select
    d.ID, d.NAME, d.LOCATION, d.OPENPOSITION,d.MANAGERID,
    e.FIRSTNAME,e.LASTNAME,e.IDAPUSERNAME,e.BIRTHDAY,e.TITLE,e.GRADE
    from department d
    LEFT JOIN employee e on e.ID = d.MANAGERID
  </select>

  <select id="selectDepartmentById" resultMap="BaseResultMap" parameterType="java.lang.Long">
    select
    d.ID, d.NAME, d.LOCATION, d.OPENPOSITION,d.MANAGERID,
    e.FIRSTNAME,e.LASTNAME,e.IDAPUSERNAME,e.BIRTHDAY,e.TITLE,e.GRADE
    from department d
    LEFT JOIN employee e on e.ID = d.MANAGERID
    WHERE d.ID=#{id}
  </select>

  <select id="selectSubDepartmentById" resultMap="BaseResultMap" parameterType="java.lang.Long">
    select
    d.ID, d.NAME, d.LOCATION, d.OPENPOSITION,d.MANAGERID,
    e.FIRSTNAME,e.LASTNAME,e.IDAPUSERNAME,e.BIRTHDAY,e.TITLE,e.GRADE
    from department d
    LEFT JOIN employee e on e.ID = d.MANAGERID
    WHERE d.PARENTID=#{id}
  </select>

  <select id="selectEmployeeByDeptId" resultMap="employeeResult" parameterType="java.lang.Long">
    select
    e.ID,e.FIRSTNAME,e.LASTNAME,e.IDAPUSERNAME,e.BIRTHDAY,e.TITLE,e.GRADE
    from employee e,department d
    WHERE d.PARENTID IN (select d.MANAGERID FROM department d WHERE d.ID=#{id})
  </select>

  <update id="updateDepartment" parameterType="java.lang.Long" >
    update department
    set
    <if test="NAME != null" >
      NAME=#{name}
    </if>
    <if test="LOCATION != null" >
      NAME=#{location}
    </if>
    <if test="OPENPOSITION != null" >
      NAME=#{openPostion}
    </if>
    <if test="PARENTID != null" >
      NAME=#{parentId}
    </if>
    WHERE ID=#{id}
  </update>

  <delete id="deleteDepartment" parameterType="java.lang.Long" >
  delete from department
  where ID = #{id,jdbcType=BIGINT}
  </delete>

  <select id="selectAllEmployees" resultMap="employeeResult" >
    select
    *
    from employee e
  </select>

  <select id="selectDeptByEmployeeId" resultMap="BaseResultMap" >
    select
    d.ID, d.NAME, d.LOCATION, d.OPENPOSITION,d.MANAGERID,
    e.FIRSTNAME,e.LASTNAME,e.IDAPUSERNAME,e.BIRTHDAY,e.TITLE,e.GRADE
    from employee e,department d
    WHERE d.MANAGERID in (select e.PARENTID FROM employee e where ID=#{id})
  </select>

  <!--<insert id="insert" parameterType="ec.api.model.bankcard.BankCard" >-->
  <!--insert into T_UC_BANKCARD (SYSNO, USERSYSNO, BANKUSERNAME, -->
  <!--OPENBANK, BANKCARDNO)-->
  <!--values (#{sysNo,jdbcType=BIGINT}, #{userSysNo,jdbcType=BIGINT}, #{bankUserName,jdbcType=VARCHAR}, -->
  <!--#{openBank,jdbcType=VARCHAR}, #{bankCardNo,jdbcType=VARCHAR})-->
  <!--</insert>-->
  <!--<insert id="insertSelective" parameterType="ec.api.model.bankcard.BankCard" >-->
  <!--insert into T_UC_BANKCARD-->
  <!--<trim prefix="(" suffix=")" suffixOverrides="," >-->
  <!--<if test="sysNo != null" >-->
  <!--SYSNO,-->
  <!--</if>-->
  <!--<if test="userSysNo != null" >-->
  <!--USERSYSNO,-->
  <!--</if>-->
  <!--<if test="bankUserName != null" >-->
  <!--BANKUSERNAME,-->
  <!--</if>-->
  <!--<if test="openBank != null" >-->
  <!--OPENBANK,-->
  <!--</if>-->
  <!--<if test="bankCardNo != null" >-->
  <!--BANKCARDNO,-->
  <!--</if>-->
  <!--</trim>-->
  <!--<trim prefix="values (" suffix=")" suffixOverrides="," >-->
  <!--<if test="sysNo != null" >-->
  <!--#{sysNo,jdbcType=BIGINT},-->
  <!--</if>-->
  <!--<if test="userSysNo != null" >-->
  <!--#{userSysNo,jdbcType=BIGINT},-->
  <!--</if>-->
  <!--<if test="bankUserName != null" >-->
  <!--#{bankUserName,jdbcType=VARCHAR},-->
  <!--</if>-->
  <!--<if test="openBank != null" >-->
  <!--#{openBank,jdbcType=VARCHAR},-->
  <!--</if>-->
  <!--<if test="bankCardNo != null" >-->
  <!--#{bankCardNo,jdbcType=VARCHAR},-->
  <!--</if>-->
  <!--</trim>-->
  <!--</insert>-->
  <!--<update id="updateByPrimaryKeySelective" parameterType="ec.api.model.bankcard.BankCard" >-->
  <!--update T_UC_BANKCARD-->
  <!--<set >-->
  <!--<if test="userSysNo != null" >-->
  <!--USERSYSNO = #{userSysNo,jdbcType=BIGINT},-->
  <!--</if>-->
  <!--<if test="bankUserName != null" >-->
  <!--BANKUSERNAME = #{bankUserName,jdbcType=VARCHAR},-->
  <!--</if>-->
  <!--<if test="openBank != null" >-->
  <!--OPENBANK = #{openBank,jdbcType=VARCHAR},-->
  <!--</if>-->
  <!--<if test="bankCardNo != null" >-->
  <!--BANKCARDNO = #{bankCardNo,jdbcType=VARCHAR},-->
  <!--</if>-->
  <!--</set>-->
  <!--where SYSNO = #{sysNo,jdbcType=BIGINT}-->
  <!--</update>-->

</mapper>